<?xml version="1.0" encoding="UTF-8"?>
<beans xmlns="http://www.springframework.org/schema/beans" xmlns:xsi="http://www.w3.org/2001/XMLSchema-instance" xmlns:context="http://www.springframework.org/schema/context"
	xmlns:aop="http://www.springframework.org/schema/aop"
	xsi:schemaLocation="http://www.springframework.org/schema/beans
http://www.springframework.org/schema/beans/spring-beans-2.5.xsd
http://www.springframework.org/schema/context
http://www.springframework.org/schema/context/spring-context-2.5.xsd
http://www.springframework.org/schema/aop
http://www.springframework.org/schema/aop/spring-aop-2.5.xsd">
	<bean id="handlerMapping" class="org.springframework.web.servlet.handler.SimpleUrlHandlerMapping">
		<property name="interceptors">
			<list>
				<bean class="org.otherobjects.cms.controllers.interceptors.ModelModifierInterceptor">
					<property name="daoService" ref="daoService" />
					<property name="otherObjectsConfigurator" ref="otherObjectsConfigurator" />
					<property name="freeMarkerToolProvider" ref="freeMarkerToolProvider" />
					<property name="performanceInfo" ref="performanceInfo" />
				</bean>
				<ref bean="openSessionInViewInterceptor" />
			</list>
		</property>
		<property name="mappings">
			<value><!--
				--><![CDATA[
				/search=searchController
				/_action/**=actionController
				/sitemap.xml=siteMapController
				/**=siteController
				]]>
			</value>
		</property>
	</bean>
	
	<!--  Configure controllers -->
	<bean name="siteController" class="org.otherobjects.cms.controllers.SiteController">
		<property name="renderers">
			<map>
				<entry key="org.otherobjects.cms.model.SyndicationFeedResource" value-ref="feedRenderer" />
				<entry key="org.otherobjects.cms.model.RedirectResource" value-ref="redirectRenderer" />
				<entry key="*" value-ref="pageRenderer" />
			</map>
		</property>
		<property name="daoService" ref="daoService" />
	</bean>
	<bean name="actionController" class="org.otherobjects.cms.controllers.site.ActionController">
		<property name="supportedMethods" value="POST" />
		<property name="daoService" ref="daoService" />
		<property name="ooResourceLoader" ref="ooResourceLoader" />
	</bean>
	<bean name="searchController" class="org.otherobjects.cms.controllers.site.SiteSearchController">
		<property name="daoService" ref="daoService" />
		<property name="ooResourceLoader" ref="ooResourceLoader" />
	</bean>
	<bean name="siteMapController" class="org.otherobjects.cms.controllers.site.SiteMapController">
	</bean>
	<!-- <context:component-scan base-package="com.example.site.controllers" /> -->
	
	<!-- Error handler -->
	<bean class="org.springframework.web.servlet.handler.SimpleMappingExceptionResolver">
		<property name="defaultErrorView" value="/site/templates/pages/500" />
		<property name="defaultStatusCode" value="500" />
		<property name="warnLogCategory" value="spring.error" />
	</bean>
	
	<!--  Renderers & Resolvers -->
	<bean name="pageRenderer" class="org.otherobjects.cms.controllers.renderers.PageRenderer">
		<property name="daoService" ref="daoService" />
	</bean>
	<bean name="feedRenderer" class="org.otherobjects.cms.controllers.renderers.SyndicationFeedRenderer">
		<property name="daoService" ref="daoService" />
	</bean>
	<bean name="redirectRenderer" class="org.otherobjects.cms.controllers.renderers.RedirectRenderer" />
	<bean id="multipartResolver" class="org.springframework.web.multipart.commons.CommonsMultipartResolver">
		<property name="maxUploadSize" value="10000000" />
	</bean>
	<bean id="beanNameViewResolver" class="org.springframework.web.servlet.view.BeanNameViewResolver">
		<property name="order">
			<value>1</value>
		</property>
	</bean>

	<!-- Scan for Services -->
	<context:component-scan base-package="org.otherobjects.cms.services" />	
	
	<!-- Configure DAOs -->
	<bean name="daoProvider" class="org.otherobjects.cms.dao.DaoProvider" init-method="init">
		<property name="daoService" ref="daoService" />
	</bean>
	<!-- <context:component-scan base-package="com.example.site.model" /> -->
	
	<!-- Find and inject tools -->
	<bean id="freeMarkerToolProvider" class="org.otherobjects.cms.views.FreeMarkerToolProvider" />
	<context:component-scan base-package="org.otherobjects.cms.tools" />
	<!-- <context:component-scan base-package="com.example.site.tools" /> -->
	
	<!-- Configure navigation service -->
	<bean name="navigationService" class="org.otherobjects.cms.site.NavigationServiceImpl" />
	
	<!-- Enable performance interceptor -->
	<aop:config>
		<aop:aspect ref="performanceInterceptor">
			<!-- Intercept all dynaNode queries that happens inside requests -->
			<aop:pointcut id="performanceLogging"
				expression="execution(* com.othermedia.nawb.model.*DaoImpl.*(..)) || execution(* org.otherobjects.cms.jcr.UniversalJcrDao.*(..)) || execution(* org.otherobjects.cms.dao.GenericDao.*(..)) || execution(* org.otherobjects.cms.model.*DaoImpl.*(..))" />
			<aop:around pointcut-ref="performanceLogging" method="log" />
		</aop:aspect>
	</aop:config>
	
	<!-- Show startup message -->
	<bean name="startupMessage" class="org.otherobjects.cms.util.StartupMessage">
		<property name="otherObjectsConfigurator" ref="otherObjectsConfigurator" />
		<property name="ooAdminUserCreator" ref="ooAdminUserCreator" />
	</bean>
</beans>