<?xml version="1.0" encoding="UTF-8"?>

<beans xmlns="http://www.springframework.org/schema/beans" xmlns:xsi="http://www.w3.org/2001/XMLSchema-instance" xmlns:context="http://www.springframework.org/schema/context"
	xsi:schemaLocation="http://www.springframework.org/schema/beans 
		http://www.springframework.org/schema/beans/spring-beans-2.5.xsd 
		http://www.springframework.org/schema/context 
		http://www.springframework.org/schema/context/spring-context-2.5.xsd">

	<bean name="siteController" class="org.otherobjects.cms.controllers.SiteController">
		<property name="handlers">
			<map>
				<entry key="*" value-ref="pageHandler" />
			</map>
		</property>
		<property name="daoService" ref="daoService" />
	</bean>

	<bean name="pageHandler" class="org.otherobjects.cms.controllers.renderers.PageRenderer">
		<property name="daoService" ref="daoService" />
	</bean>

	<bean id="multipartResolver" class="org.springframework.web.multipart.commons.CommonsMultipartResolver">
		<property name="maxUploadSize" value="10000000" />
	</bean>

	<bean id="beanNameViewResolver" class="org.springframework.web.servlet.view.BeanNameViewResolver">
		<property name="order">
			<value>1</value>
		</property>
	</bean>

</beans>