<?xml version="1.0" encoding="UTF-8"?>

<beans xmlns="http://www.springframework.org/schema/beans" xmlns:xsi="http://www.w3.org/2001/XMLSchema-instance" xmlns:context="http://www.springframework.org/schema/context"
	xsi:schemaLocation="http://www.springframework.org/schema/beans 
		http://www.springframework.org/schema/beans/spring-beans-2.5.xsd 
		http://www.springframework.org/schema/context 
		http://www.springframework.org/schema/context/spring-context-2.5.xsd">

	<bean id="handlerMapping" class="org.springframework.web.servlet.handler.SimpleUrlHandlerMapping">
		<property name="interceptors">
			<bean class="org.otherobjects.cms.controllers.interceptors.ModelModifierInterceptor">
				<property name="daoService" ref="daoService" />
				<property name="ooResourceLoader" ref="ooResourceLoader" />
			</bean>
		</property>
		<property name="mappings">
			<value><!--
				--><![CDATA[
				/search=searchController
				/_action/**=actionController
				/**=siteController
				]]>
			</value>
		</property>
	</bean>

	<bean name="siteController" class="org.otherobjects.cms.controllers.SiteController">
		<property name="renderers">
			<map>
				<entry key="org.otherobjects.cms.model.SyndicationFeedResource" value-ref="feedRenderer" />
				<entry key="*" value-ref="pageRenderer" />
			</map>
		</property>
		<property name="daoService" ref="daoService" />
	</bean>

	<bean name="actionController" class="org.otherobjects.cms.controllers.site.ActionController">
		<property name="supportedMethods" value="POST" />
		<property name="daoService" ref="daoService" />
		<property name="ooResourceLoader" ref="ooResourceLoader" />
	</bean>
	
	<bean name="searchController" class="org.otherobjects.cms.controllers.site.SiteSearchController">
		<property name="daoService" ref="daoService" />
		<property name="ooResourceLoader" ref="ooResourceLoader" />
	</bean>
 	
	<bean class="org.springframework.web.servlet.handler.SimpleMappingExceptionResolver">
		<property name="defaultErrorView" value="/site/templates/error-500" />
		<property name="defaultStatusCode" value="500" />
		<property name="warnLogCategory" value="spring.error" />
	</bean>

	<bean name="pageRenderer" class="org.otherobjects.cms.controllers.renderers.PageRenderer">
		<property name="daoService" ref="daoService" />
	</bean>
	
	<bean name="feedRenderer" class="org.otherobjects.cms.controllers.renderers.SyndicationFeedRenderer">
		<property name="daoService" ref="daoService" />
	</bean>

	<bean id="multipartResolver" class="org.springframework.web.multipart.commons.CommonsMultipartResolver">
		<property name="maxUploadSize" value="10000000" />
	</bean>

	<bean id="beanNameViewResolver" class="org.springframework.web.servlet.view.BeanNameViewResolver">
		<property name="order">
			<value>1</value>
		</property>
	</bean>

	<bean name="startupMessage" class="org.otherobjects.cms.util.StartupMessage">
		<property name="otherObjectsConfigurator" ref="otherObjectsConfigurator" />
		<property name="ooAdminUserCreator" ref="ooAdminUserCreator" />
	</bean>

</beans>